{
  "gate_proj": {
    "layer_0": 0.05108642578125,
    "layer_1": 0.06781005859375,
    "layer_2": 0.09295654296875,
    "layer_3": 0.11724853515625,
    "layer_4": 0.1649169921875,
    "layer_5": 0.2091064453125,
    "layer_6": 0.2371826171875,
    "layer_7": 0.273193359375,
    "layer_8": 0.28662109375,
    "layer_9": 0.287353515625,
    "layer_10": 0.29638671875,
    "layer_11": 0.302490234375,
    "layer_12": 0.31640625,
    "layer_13": 0.32373046875,
    "layer_14": 0.364013671875,
    "layer_15": 0.404052734375,
    "layer_16": 0.470458984375,
    "layer_17": 0.49267578125,
    "layer_18": 0.56201171875,
    "layer_19": 0.626953125,
    "layer_20": 0.671875,
    "layer_21": 0.7685546875,
    "layer_22": 0.720703125,
    "layer_23": 0.7353515625,
    "layer_24": 0.78759765625,
    "layer_25": 0.796875,
    "layer_26": 0.7734375,
    "layer_27": 0.8193359375,
    "layer_28": 0.9150390625,
    "layer_29": 0.8544921875,
    "layer_30": 0.76513671875,
    "layer_31": 0.67578125
  },
  "up_proj": {
    "layer_0": 0.041656494140625,
    "layer_1": 0.05633544921875,
    "layer_2": 0.0740966796875,
    "layer_3": 0.091064453125,
    "layer_4": 0.10552978515625,
    "layer_5": 0.1217041015625,
    "layer_6": 0.1351318359375,
    "layer_7": 0.1478271484375,
    "layer_8": 0.1588134765625,
    "layer_9": 0.16943359375,
    "layer_10": 0.178466796875,
    "layer_11": 0.18701171875,
    "layer_12": 0.1944580078125,
    "layer_13": 0.2042236328125,
    "layer_14": 0.2169189453125,
    "layer_15": 0.229736328125,
    "layer_16": 0.24658203125,
    "layer_17": 0.26318359375,
    "layer_18": 0.286865234375,
    "layer_19": 0.307373046875,
    "layer_20": 0.323974609375,
    "layer_21": 0.33740234375,
    "layer_22": 0.34765625,
    "layer_23": 0.359619140625,
    "layer_24": 0.3740234375,
    "layer_25": 0.387451171875,
    "layer_26": 0.400634765625,
    "layer_27": 0.422607421875,
    "layer_28": 0.4609375,
    "layer_29": 0.5009765625,
    "layer_30": 0.5546875,
    "layer_31": 0.62353515625
  },
  "down_proj": {
    "layer_0": 0.0013093948364257812,
    "layer_1": 0.0018472671508789062,
    "layer_2": 0.0028591156005859375,
    "layer_3": 0.0037860870361328125,
    "layer_4": 0.00540924072265625,
    "layer_5": 0.0073089599609375,
    "layer_6": 0.00862884521484375,
    "layer_7": 0.01020050048828125,
    "layer_8": 0.01105499267578125,
    "layer_9": 0.01212310791015625,
    "layer_10": 0.01267242431640625,
    "layer_11": 0.01364898681640625,
    "layer_12": 0.01488494873046875,
    "layer_13": 0.0158538818359375,
    "layer_14": 0.0183868408203125,
    "layer_15": 0.020904541015625,
    "layer_16": 0.025054931640625,
    "layer_17": 0.027740478515625,
    "layer_18": 0.033416748046875,
    "layer_19": 0.03961181640625,
    "layer_20": 0.041168212890625,
    "layer_21": 0.0418701171875,
    "layer_22": 0.042327880859375,
    "layer_23": 0.044036865234375,
    "layer_24": 0.045806884765625,
    "layer_25": 0.049041748046875,
    "layer_26": 0.0521240234375,
    "layer_27": 0.056793212890625,
    "layer_28": 0.071044921875,
    "layer_29": 0.078857421875,
    "layer_30": 0.087890625,
    "layer_31": 0.1278076171875
  }, "act_fn": {
    "layer_0": 0.02532958984375,
    "layer_1": 0.03350830078125,
    "layer_2": 0.045562744140625,
    "layer_3": 0.057037353515625,
    "layer_4": 0.07830810546875,
    "layer_5": 0.09698486328125,
    "layer_6": 0.1085205078125,
    "layer_7": 0.12255859375,
    "layer_8": 0.1280517578125,
    "layer_9": 0.12890625,
    "layer_10": 0.132568359375,
    "layer_11": 0.135009765625,
    "layer_12": 0.1400146484375,
    "layer_13": 0.1431884765625,
    "layer_14": 0.156982421875,
    "layer_15": 0.1697998046875,
    "layer_16": 0.1881103515625,
    "layer_17": 0.1943359375,
    "layer_18": 0.209716796875,
    "layer_19": 0.2213134765625,
    "layer_20": 0.2281494140625,
    "layer_21": 0.2379150390625,
    "layer_22": 0.234619140625,
    "layer_23": 0.2362060546875,
    "layer_24": 0.23974609375,
    "layer_25": 0.2401123046875,
    "layer_26": 0.2379150390625,
    "layer_27": 0.2393798828125,
    "layer_28": 0.2415771484375,
    "layer_29": 0.2379150390625,
    "layer_30": 0.2327880859375,
    "layer_31": 0.2252197265625
  }
}
